{
	"format_version": "1.12.0",
	"minecraft:geometry": [
		{
			"description": {
				"identifier": "geometry.unknown",
				"texture_width": 64,
				"texture_height": 64,
				"visible_bounds_width": 4,
				"visible_bounds_height": 3.5,
				"visible_bounds_offset": [0, 1.25, 0]
			},
			"bones": [
				{
					"name": "bb_main",
					"pivot": [0, 0, 0],
					"cubes": [
						{
							"origin": [-1, 0, 0],
							"size": [2, 26, 2],
							"uv": {
								"north": {"uv": [0, 38], "uv_size": [2, 26]},
								"east": {"uv": [2, 38], "uv_size": [2, 26]},
								"south": {"uv": [2, 38], "uv_size": [-2, 26]},
								"west": {"uv": [2, 38], "uv_size": [2, 26]},
								"up": {"uv": [4, 38], "uv_size": [-2, -2]},
								"down": {"uv": [2, 38], "uv_size": [-2, -2]}
							}
						},
						{
							"origin": [-1, 0, 0],
							"size": [2, 26, 2],
							"inflate": 0.25,
							"uv": {
								"north": {"uv": [6, 32], "uv_size": [2, 26]},
								"east": {"uv": [4, 32], "uv_size": [2, 26]},
								"south": {"uv": [6, 32], "uv_size": [2, 26]},
								"west": {"uv": [4, 32], "uv_size": [2, 26]},
								"up": {"uv": [8, 32], "uv_size": [-2, -2]},
								"down": {"uv": [6, 32], "uv_size": [-2, -2]}
							}
						}
					]
				},
				{
					"name": "bone2",
					"pivot": [0, 0, 0],
					"cubes": [
						{
							"origin": [-15, 15, 1],
							"size": [30, 7, 0],
							"pivot": [0, 18.5, 1],
							"rotation": [0, -90, 0],
							"uv": {
								"north": {"uv": [0, 0], "uv_size": [30, 7]},
								"east": {"uv": [0, 0], "uv_size": [0, 0]},
								"south": {"uv": [0, 0], "uv_size": [30, 7]},
								"west": {"uv": [0, 0], "uv_size": [0, 0]},
								"up": {"uv": [0, 0], "uv_size": [0, 0]},
								"down": {"uv": [0, 0], "uv_size": [0, 0]}
							}
						},
						{
							"origin": [-15, 15, 1],
							"size": [30, 7, 0],
							"uv": {
								"north": {"uv": [0, 0], "uv_size": [30, 7]},
								"east": {"uv": [0, 0], "uv_size": [0, 0]},
								"south": {"uv": [0, 0], "uv_size": [30, 7]},
								"west": {"uv": [0, 0], "uv_size": [0, 0]},
								"up": {"uv": [0, 0], "uv_size": [0, 0]},
								"down": {"uv": [0, 0], "uv_size": [0, 0]}
							}
						}
					]
				},
				{
					"name": "bone",
					"pivot": [1, 26, 0],
					"cubes": [
						{
							"origin": [0.96593, 22.25882, 0],
							"size": [17, 2, 2],
							"pivot": [0, 24, 1],
							"rotation": [0, 0, 15],
							"uv": {
								"north": {"uv": [4, 60], "uv_size": [16, 2]},
								"east": {"uv": [20, 62], "uv_size": [2, 2]},
								"south": {"uv": [20, 60], "uv_size": [-16, 2]},
								"west": {"uv": [20, 62], "uv_size": [2, 2]},
								"up": {"uv": [20, 60], "uv_size": [-16, -2]},
								"down": {"uv": [20, 64], "uv_size": [-16, -2]}
							}
						}
					]
				},
				{
					"name": "bone3",
					"pivot": [0, 26, 1],
					"rotation": [0, -90, 0],
					"cubes": [
						{
							"origin": [1.48356, 22.32697, 0],
							"size": [17, 2, 2],
							"pivot": [0, 26, 1],
							"rotation": [0, 0, 15],
							"uv": {
								"north": {"uv": [4, 60], "uv_size": [16, 2]},
								"east": {"uv": [20, 62], "uv_size": [2, 2]},
								"south": {"uv": [20, 60], "uv_size": [-16, 2]},
								"west": {"uv": [20, 62], "uv_size": [2, 2]},
								"up": {"uv": [20, 60], "uv_size": [-16, -2]},
								"down": {"uv": [20, 64], "uv_size": [-16, -2]}
							}
						}
					]
				},
				{
					"name": "bone4",
					"pivot": [0, 26, 1],
					"rotation": [-180, 0, 180],
					"cubes": [
						{
							"origin": [1.48356, 22.32697, 0],
							"size": [17, 2, 2],
							"pivot": [0, 26, 1],
							"rotation": [0, 0, 15],
							"uv": {
								"north": {"uv": [4, 60], "uv_size": [16, 2]},
								"east": {"uv": [20, 62], "uv_size": [2, 2]},
								"south": {"uv": [20, 60], "uv_size": [-16, 2]},
								"west": {"uv": [20, 62], "uv_size": [2, 2]},
								"up": {"uv": [20, 60], "uv_size": [-16, -2]},
								"down": {"uv": [20, 64], "uv_size": [-16, -2]}
							}
						}
					]
				},
				{
					"name": "bone5",
					"pivot": [0, 26, 1],
					"rotation": [0, 90, 0],
					"cubes": [
						{
							"origin": [1.48356, 22.32697, 0],
							"size": [17, 2, 2],
							"pivot": [0, 26, 1],
							"rotation": [0, 0, 15],
							"uv": {
								"north": {"uv": [4, 60], "uv_size": [16, 2]},
								"east": {"uv": [20, 62], "uv_size": [2, 2]},
								"south": {"uv": [20, 60], "uv_size": [-16, 2]},
								"west": {"uv": [20, 62], "uv_size": [2, 2]},
								"up": {"uv": [20, 60], "uv_size": [-16, -2]},
								"down": {"uv": [20, 64], "uv_size": [-16, -2]}
							}
						}
					]
				},
				{
					"name": "bone6",
					"pivot": [0, 25, 1],
					"cubes": [
						{
							"origin": [-12.98579, 23, -11.5],
							"size": [12, 0, 23],
							"pivot": [-1, 23, 0],
							"rotation": [19.71605, -41.31063, -28.49602],
							"uv": {
								"north": {"uv": [2, 38], "uv_size": [2, 26]},
								"east": {"uv": [0, 38], "uv_size": [2, 26]},
								"south": {"uv": [0, 38], "uv_size": [2, 26]},
								"west": {"uv": [2, 38], "uv_size": [2, 26]},
								"up": {"uv": [53, 23], "uv_size": [-11, -23]},
								"down": {"uv": [53, 0], "uv_size": [-11, 23]}
							}
						},
						{
							"origin": [-10.87832, 23, -11.17193],
							"size": [12, 0, 23],
							"pivot": [1.12168, 23.001, 0.14178],
							"rotation": [160.28395, -41.31063, -151.50398],
							"uv": {
								"north": {"uv": [2, 38], "uv_size": [2, 26]},
								"east": {"uv": [0, 38], "uv_size": [2, 26]},
								"south": {"uv": [0, 38], "uv_size": [2, 26]},
								"west": {"uv": [2, 38], "uv_size": [2, 26]},
								"up": {"uv": [64, 47], "uv_size": [-11, -23]},
								"down": {"uv": [64, 24], "uv_size": [-11, 23]}
							}
						},
						{
							"origin": [-10.98579, 23, -9.5],
							"size": [12, 0, 23],
							"pivot": [1, 23, 2],
							"rotation": [-160.28395, 41.31063, -151.50398],
							"uv": {
								"north": {"uv": [2, 38], "uv_size": [2, 26]},
								"east": {"uv": [0, 38], "uv_size": [2, 26]},
								"south": {"uv": [0, 38], "uv_size": [2, 26]},
								"west": {"uv": [2, 38], "uv_size": [2, 26]},
								"up": {"uv": [64, 23], "uv_size": [-11, -23]},
								"down": {"uv": [64, 0], "uv_size": [-11, 23]}
							}
						},
						{
							"origin": [-12.98579, 23, -9.5],
							"size": [12, 0, 23],
							"pivot": [-1, 23, 2],
							"rotation": [-19.71605, 41.31063, -28.49602],
							"uv": {
								"north": {"uv": [2, 38], "uv_size": [2, 26]},
								"east": {"uv": [0, 38], "uv_size": [2, 26]},
								"south": {"uv": [0, 38], "uv_size": [2, 26]},
								"west": {"uv": [2, 38], "uv_size": [2, 26]},
								"up": {"uv": [53, 47], "uv_size": [-11, -23]},
								"down": {"uv": [53, 24], "uv_size": [-11, 23]}
							}
						}
					]
				}
			]
		}
	]
}