{
  "credit": "Made with Blockbench",
  "parent": "builtin/entity",
  "texture_size": [
    32,
    32
  ],
  "display": {
    "thirdperson_righthand": {
      "rotation": [
        -6.5,
        -44.87,
        4.33
      ],
      "translation": [
        1.25,
        -11.5,
        3
      ]
    },
    "firstperson_righthand": {
      "rotation": [
        -86,
        -45,
        0
      ],
      "translation": [
        -1.75,
        -5.5,
        15
      ]
    },
    "firstperson_lefthand": {
      "rotation": [
        -86,
        -45,
        0
      ],
      "translation": [
        -1.75,
        -5.5,
        15
      ]
    },
    "gui": {
      "rotation": [
        0,
        0,
        -45
      ],
      "translation": [
        -6,
        -6,
        0
      ],
      "scale": [
        0.5,
        0.5,
        0.5
      ]
    },
    "head": {
      "rotation": [
        0,
        -45,
        0
      ],
      "translation": [
        1,
        -23,
        0
      ],
      "scale": [
        1.5,
        1.5,
        1.5
      ]
    },
    "fixed": {
      "rotation": [
        0,
        0,
        -45
      ],
      "translation": [
        -7.75,
        -8,
        -1
      ],
      "scale": [
        0.65,
        0.65,
        0.65
      ]
    }
  }
}