{
	"format_version": "1.12.0",
	"minecraft:geometry": [
		{
			"description": {
				"identifier": "geometry.umbrella_closed",
				"texture_width": 32,
				"texture_height": 32,
				"visible_bounds_width": 3,
				"visible_bounds_height": 3.5,
				"visible_bounds_offset": [0, 1.25, 0]
			},
			"bones": [
				{
					"name": "bone",
					"pivot": [8, 0, -8],
					"cubes": [
						{
							"origin": [-1, 0, -1],
							"size": [2, 26, 2],
							"uv": {
								"north": {"uv": [0, 6], "uv_size": [2, 26]},
								"east": {"uv": [2, 6], "uv_size": [2, 26]},
								"south": {"uv": [0, 6], "uv_size": [2, 26]},
								"west": {"uv": [2, 6], "uv_size": [2, 26]},
								"up": {"uv": [4, 6], "uv_size": [-2, -2]},
								"down": {"uv": [2, 6], "uv_size": [-2, -2]}
							}
						},
						{
							"origin": [-1.25, -0.25, -1.25],
							"size": [2.5, 26.5, 2.5],
							"uv": {
								"north": {"uv": [6, 6], "uv_size": [2, 26]},
								"east": {"uv": [4, 6], "uv_size": [2, 26]},
								"south": {"uv": [4, 6], "uv_size": [2, 26]},
								"west": {"uv": [6, 6], "uv_size": [2, 26]},
								"up": {"uv": [8, 6], "uv_size": [-2, -2]},
								"down": {"uv": [6, 6], "uv_size": [-2, -2]}
							}
						},
						{
							"origin": [-2, 7, -2],
							"size": [4, 16, 4],
							"uv": {
								"north": {"uv": [14, 16], "uv_size": [4, 16]},
								"east": {"uv": [14, 16], "uv_size": [4, 16]},
								"south": {"uv": [14, 16], "uv_size": [4, 16]},
								"west": {"uv": [14, 16], "uv_size": [4, 16]},
								"up": {"uv": [0, 0], "uv_size": [0, 0]},
								"down": {"uv": [22, 20], "uv_size": [-4, -4]}
							}
						},
						{
							"origin": [-2.25, 5.75, -2.25],
							"size": [4.5, 17.5, 4.5],
							"uv": {
								"north": {"uv": [0, 0], "uv_size": [16, 4]},
								"east": {"uv": [0, 0], "uv_size": [16, 4]},
								"south": {"uv": [0, 0], "uv_size": [16, 4]},
								"west": {"uv": [0, 0], "uv_size": [16, 4]},
								"up": {"uv": [20, 4], "uv_size": [-4, -4]}
							}
						}
					]
				}
			]
		}
	]
}